{"ok":true,"error":false,"metadata":{"resultTotal":165,"resultCount":165,"resultLimit":null,"resultOffset":0},"httpStatusCode":200,"httpStatusMessage":"OK","responseTime":0.82937979698181,"result":[{"agencyCode":"000","agencyName":"International Assistance Programs (not including USAID)","mega53AgencyName":null,"agencyAbbreviation":null,"cgacAgencyCode":null,"mega53SortOrder":0,"itDashboard":null,"CFO_Act":null,"CIO_Council":null,"firstActiveBY":null,"lastActiveBY":"2013","agencyType":null},{"agencyCode":"001","agencyName":"Legislative Branch","mega53AgencyName":null,"agencyAbbreviation":null,"cgacAgencyCode":"000","mega53SortOrder":0,"itDashboard":null,"CFO_Act":"","CIO_Council":"","firstActiveBY":null,"lastActiveBY":"2017","agencyType":"5-Other Branches"},{"agencyCode":"002","agencyName":"Judicial Branch","mega53AgencyName":null,"agencyAbbreviation":null,"cgacAgencyCode":"010","mega53SortOrder":0,"itDashboard":null,"CFO_Act":"","CIO_Council":"","firstActiveBY":null,"lastActiveBY":"2017","agencyType":"5-Other Branches"},{"agencyCode":"005","agencyName":"Department of Agriculture","mega53AgencyName":"Department of Agriculture","agencyAbbreviation":"USDA","cgacAgencyCode":"012","mega53SortOrder":10,"itDashboard":1,"CFO_Act":"1","CIO_Council":"1","firstActiveBY":null,"lastActiveBY":"2017","agencyType":"1-CFO Act"},{"agencyCode":"006","agencyName":"Department of Commerce","mega53AgencyName":"Department of Commerce","agencyAbbreviation":"Commerce","cgacAgencyCode":"013","mega53SortOrder":40,"itDashboard":1,"CFO_Act":"1","CIO_Council":"1","firstActiveBY":null,"lastActiveBY":"2017","agencyType":"1-CFO Act"},{"agencyCode":"007","agencyName":"Department of Defense","mega53AgencyName":"Department of Defense--Military Programs","agencyAbbreviation":"DOD","cgacAgencyCode":"n\/a","mega53SortOrder":50,"itDashboard":1,"CFO_Act":"1","CIO_Council":"1","firstActiveBY":null,"lastActiveBY":"2017","agencyType":"1-CFO Act"},{"agencyCode":"009","agencyName":"Department of Health and Human Services","mega53AgencyName":"Department of Health and Human Services","agencyAbbreviation":"HHS","cgacAgencyCode":"075","mega53SortOrder":80,"itDashboard":1,"CFO_Act":"1","CIO_Council":"1","firstActiveBY":null,"lastActiveBY":"2017","agencyType":"1-CFO Act"},{"agencyCode":"010","agencyName":"Department of the Interior","mega53AgencyName":"Department of the Interior","agencyAbbreviation":"Interior","cgacAgencyCode":"014","mega53SortOrder":100,"itDashboard":1,"CFO_Act":"1","CIO_Council":"1","firstActiveBY":null,"lastActiveBY":"2017","agencyType":"1-CFO Act"},{"agencyCode":"011","agencyName":"Department of Justice","mega53AgencyName":"Department of Justice","agencyAbbreviation":"Justice","cgacAgencyCode":"015","mega53SortOrder":110,"itDashboard":1,"CFO_Act":"1","CIO_Council":"1","firstActiveBY":null,"lastActiveBY":"2017","agencyType":"1-CFO Act"},{"agencyCode":"012","agencyName":"Department of Labor","mega53AgencyName":"Department of Labor","agencyAbbreviation":"Labor","cgacAgencyCode":"016","mega53SortOrder":120,"itDashboard":1,"CFO_Act":"1","CIO_Council":"1","firstActiveBY":null,"lastActiveBY":"2017","agencyType":"1-CFO Act"},{"agencyCode":"014","agencyName":"Department of State","mega53AgencyName":"Department of State","agencyAbbreviation":"State","cgacAgencyCode":"019","mega53SortOrder":140,"itDashboard":1,"CFO_Act":"1","CIO_Council":"1","firstActiveBY":null,"lastActiveBY":"2017","agencyType":"1-CFO Act"},{"agencyCode":"015","agencyName":"Department of the Treasury","mega53AgencyName":"Department of the Treasury","agencyAbbreviation":"Treasury","cgacAgencyCode":"020","mega53SortOrder":160,"itDashboard":1,"CFO_Act":"1","CIO_Council":"1","firstActiveBY":null,"lastActiveBY":"2017","agencyType":"1-CFO Act"},{"agencyCode":"016","agencyName":"Social Security Administration","mega53AgencyName":"Social Security Administration","agencyAbbreviation":"SSA","cgacAgencyCode":"028","mega53SortOrder":310,"itDashboard":1,"CFO_Act":"1","CIO_Council":"1","firstActiveBY":null,"lastActiveBY":"2017","agencyType":"1-CFO Act"},{"agencyCode":"018","agencyName":"Department of Education","mega53AgencyName":"Department of Education","agencyAbbreviation":"ED","cgacAgencyCode":"091","mega53SortOrder":60,"itDashboard":1,"CFO_Act":"1","CIO_Council":"1","firstActiveBY":null,"lastActiveBY":"2017","agencyType":"1-CFO Act"},{"agencyCode":"019","agencyName":"Department of Energy","mega53AgencyName":"Department of Energy","agencyAbbreviation":"Energy","cgacAgencyCode":"089","mega53SortOrder":70,"itDashboard":1,"CFO_Act":"1","CIO_Council":"1","firstActiveBY":null,"lastActiveBY":"2017","agencyType":"1-CFO Act"},{"agencyCode":"020","agencyName":"Environmental Protection Agency","mega53AgencyName":"Environmental Protection Agency","agencyAbbreviation":"EPA","cgacAgencyCode":"068","mega53SortOrder":200,"itDashboard":1,"CFO_Act":"1","CIO_Council":"1","firstActiveBY":null,"lastActiveBY":"2017","agencyType":"1-CFO Act"},{"agencyCode":"021","agencyName":"Department of Transportation","mega53AgencyName":"Department of Transportation","agencyAbbreviation":"DOT","cgacAgencyCode":"069","mega53SortOrder":150,"itDashboard":1,"CFO_Act":"1","CIO_Council":"1","firstActiveBY":null,"lastActiveBY":"2017","agencyType":"1-CFO Act"},{"agencyCode":"023","agencyName":"General Services Administration","mega53AgencyName":"General Services Administration","agencyAbbreviation":"GSA","cgacAgencyCode":"047","mega53SortOrder":230,"itDashboard":1,"CFO_Act":"1","CIO_Council":"1","firstActiveBY":null,"lastActiveBY":"2017","agencyType":"1-CFO Act"},{"agencyCode":"024","agencyName":"Department of Homeland Security","mega53AgencyName":"Department of Homeland Security","agencyAbbreviation":"DHS","cgacAgencyCode":"070","mega53SortOrder":90,"itDashboard":1,"CFO_Act":"1","CIO_Council":"1","firstActiveBY":null,"lastActiveBY":"2017","agencyType":"1-CFO Act"},{"agencyCode":"025","agencyName":"Department of Housing and Urban Development","mega53AgencyName":"Department of Housing and Urban Development","agencyAbbreviation":"HUD","cgacAgencyCode":"086","mega53SortOrder":95,"itDashboard":1,"CFO_Act":"1","CIO_Council":"1","firstActiveBY":null,"lastActiveBY":"2017","agencyType":"1-CFO Act"},{"agencyCode":"026","agencyName":"National Aeronautics and Space Administration","mega53AgencyName":"National Aeronautics and Space Administration","agencyAbbreviation":"NASA","cgacAgencyCode":"080","mega53SortOrder":240,"itDashboard":1,"CFO_Act":"1","CIO_Council":"1","firstActiveBY":null,"lastActiveBY":"2017","agencyType":"1-CFO Act"},{"agencyCode":"027","agencyName":"Office of Personnel Management","mega53AgencyName":"Office of Personnel Management","agencyAbbreviation":"OPM","cgacAgencyCode":"024","mega53SortOrder":280,"itDashboard":1,"CFO_Act":"1","CIO_Council":"1","firstActiveBY":null,"lastActiveBY":"2017","agencyType":"1-CFO Act"},{"agencyCode":"028","agencyName":"Small Business Administration","mega53AgencyName":"Small Business Administration","agencyAbbreviation":"SBA","cgacAgencyCode":"073","mega53SortOrder":290,"itDashboard":1,"CFO_Act":"1","CIO_Council":"1","firstActiveBY":null,"lastActiveBY":"2017","agencyType":"1-CFO Act"},{"agencyCode":"029","agencyName":"Department of Veterans Affairs","mega53AgencyName":"Department of Veterans Affairs","agencyAbbreviation":"VA","cgacAgencyCode":"036","mega53SortOrder":170,"itDashboard":1,"CFO_Act":"1","CIO_Council":"1","firstActiveBY":null,"lastActiveBY":"2017","agencyType":"1-CFO Act"},{"agencyCode":"100","agencyName":"Executive Office of the President","mega53AgencyName":"Office of Management and Budget","agencyAbbreviation":"OMB","cgacAgencyCode":"011","mega53SortOrder":270,"itDashboard":null,"CFO_Act":"","CIO_Council":"","firstActiveBY":null,"lastActiveBY":"2017","agencyType":"2-E-Gov Act Adds"},{"agencyCode":"154","agencyName":"Federal Drug Control Programs","mega53AgencyName":null,"agencyAbbreviation":null,"cgacAgencyCode":"n\/a","mega53SortOrder":0,"itDashboard":null,"CFO_Act":"","CIO_Council":"","firstActiveBY":null,"lastActiveBY":"2017","agencyType":"4-Other Small"},{"agencyCode":"184","agencyName":"U.S. Agency for International Development","mega53AgencyName":"U.S. Agency for International Development","agencyAbbreviation":"USAID","cgacAgencyCode":"n\/a","mega53SortOrder":145,"itDashboard":1,"CFO_Act":"1","CIO_Council":"1","firstActiveBY":null,"lastActiveBY":"2017","agencyType":"1-CFO Act"},{"agencyCode":"200","agencyName":"Other Defense Civil Programs","mega53AgencyName":null,"agencyAbbreviation":null,"cgacAgencyCode":"n\/a","mega53SortOrder":0,"itDashboard":null,"CFO_Act":"","CIO_Council":"","firstActiveBY":null,"lastActiveBY":"2017","agencyType":"4-Other Small"},{"agencyCode":"202","agencyName":"U.S. Army Corps of Engineers","mega53AgencyName":"U.S. Army Corps of Engineers","agencyAbbreviation":"USACE","cgacAgencyCode":"096","mega53SortOrder":190,"itDashboard":1,"CFO_Act":null,"CIO_Council":"1","firstActiveBY":null,"lastActiveBY":"2017","agencyType":"4-Other Small"},{"agencyCode":"302","agencyName":"Administrative Conference of the United States","mega53AgencyName":null,"agencyAbbreviation":null,"cgacAgencyCode":"302","mega53SortOrder":null,"itDashboard":null,"CFO_Act":null,"CIO_Council":null,"firstActiveBY":null,"lastActiveBY":"2017","agencyType":"4-Other Small"},{"agencyCode":"306","agencyName":"Advisory Council on Historic Preservation","mega53AgencyName":null,"agencyAbbreviation":null,"cgacAgencyCode":"306","mega53SortOrder":0,"itDashboard":null,"CFO_Act":"","CIO_Council":"","firstActiveBY":null,"lastActiveBY":"2017","agencyType":"4-Other Small"},{"agencyCode":"309","agencyName":"Appalachian Regional Commission","mega53AgencyName":null,"agencyAbbreviation":null,"cgacAgencyCode":"309","mega53SortOrder":0,"itDashboard":null,"CFO_Act":"","CIO_Council":"","firstActiveBY":null,"lastActiveBY":"2017","agencyType":"4-Other Small"},{"agencyCode":"310","agencyName":"Other Independent Agencies","mega53AgencyName":null,"agencyAbbreviation":null,"cgacAgencyCode":"310","mega53SortOrder":0,"itDashboard":null,"CFO_Act":"","CIO_Council":"","firstActiveBY":null,"lastActiveBY":"2017","agencyType":"4-Other Small"},{"agencyCode":"313","agencyName":"Barry Goldwater Scholarship and Excellence in Education Foundation","mega53AgencyName":null,"agencyAbbreviation":null,"cgacAgencyCode":"313","mega53SortOrder":0,"itDashboard":null,"CFO_Act":"","CIO_Council":"","firstActiveBY":null,"lastActiveBY":"2017","agencyType":"4-Other Small"},{"agencyCode":"316","agencyName":"Central Intelligence Agency","mega53AgencyName":null,"agencyAbbreviation":"CIA","cgacAgencyCode":"056","mega53SortOrder":0,"itDashboard":null,"CFO_Act":"","CIO_Council":"1","firstActiveBY":null,"lastActiveBY":"2017","agencyType":"4-Other Small"},{"agencyCode":"323","agencyName":"Commission of Fine Arts","mega53AgencyName":null,"agencyAbbreviation":null,"cgacAgencyCode":"323","mega53SortOrder":0,"itDashboard":null,"CFO_Act":"","CIO_Council":"","firstActiveBY":null,"lastActiveBY":"2017","agencyType":"4-Other Small"},{"agencyCode":"326","agencyName":"Commission on Civil Rights","mega53AgencyName":null,"agencyAbbreviation":null,"cgacAgencyCode":"326","mega53SortOrder":0,"itDashboard":null,"CFO_Act":"","CIO_Council":"","firstActiveBY":null,"lastActiveBY":"2017","agencyType":"4-Other Small"},{"agencyCode":"338","agencyName":"Committee for Purchase from People who are Blind or Severely Disabled, activities","mega53AgencyName":null,"agencyAbbreviation":null,"cgacAgencyCode":"338","mega53SortOrder":0,"itDashboard":null,"CFO_Act":"","CIO_Council":"","firstActiveBY":null,"lastActiveBY":"2017","agencyType":"4-Other Small"},{"agencyCode":"339","agencyName":"Commodity Futures Trading Commission","mega53AgencyName":"Commodity Futures Trading Commission","agencyAbbreviation":"CFTC","cgacAgencyCode":"339","mega53SortOrder":0,"itDashboard":null,"CFO_Act":"","CIO_Council":"","firstActiveBY":null,"lastActiveBY":"2017","agencyType":"3-Key Econ\/Infra"},{"agencyCode":"343","agencyName":"Consumer Product Safety Commission","mega53AgencyName":"Consumer Product Safety Commission","agencyAbbreviation":"CPSC","cgacAgencyCode":"061","mega53SortOrder":0,"itDashboard":null,"CFO_Act":"","CIO_Council":"","firstActiveBY":null,"lastActiveBY":"2017","agencyType":"4-Other Small"},{"agencyCode":"344","agencyName":"Corporation for Public Broadcasting","mega53AgencyName":null,"agencyAbbreviation":null,"cgacAgencyCode":"n\/a","mega53SortOrder":0,"itDashboard":null,"CFO_Act":"","CIO_Council":"","firstActiveBY":null,"lastActiveBY":"2017","agencyType":"4-Other Small"},{"agencyCode":"345","agencyName":"United States Court of Appeals for Veterans Claims","mega53AgencyName":null,"agencyAbbreviation":null,"cgacAgencyCode":"345","mega53SortOrder":0,"itDashboard":null,"CFO_Act":"","CIO_Council":"","firstActiveBY":null,"lastActiveBY":"2017","agencyType":"4-Other Small"},{"agencyCode":"347","agencyName":"Defense Nuclear Facilities Safety Board","mega53AgencyName":null,"agencyAbbreviation":null,"cgacAgencyCode":"347","mega53SortOrder":0,"itDashboard":null,"CFO_Act":"","CIO_Council":"","firstActiveBY":null,"lastActiveBY":"2017","agencyType":"3-Key Econ\/Infra"},{"agencyCode":"349","agencyName":"District of Columbia","mega53AgencyName":null,"agencyAbbreviation":null,"cgacAgencyCode":"349","mega53SortOrder":0,"itDashboard":null,"CFO_Act":"","CIO_Council":"","firstActiveBY":null,"lastActiveBY":"2017","agencyType":"4-Other Small"},{"agencyCode":"350","agencyName":"Equal Employment Opportunity Commission","mega53AgencyName":"Equal Employment Opportunity Commission","agencyAbbreviation":"EEOC","cgacAgencyCode":"045","mega53SortOrder":0,"itDashboard":null,"CFO_Act":"","CIO_Council":"","firstActiveBY":null,"lastActiveBY":"2017","agencyType":"4-Other Small"},{"agencyCode":"351","agencyName":"Export-Import Bank of the United States","mega53AgencyName":"Export-Import Bank of the US","agencyAbbreviation":"Export","cgacAgencyCode":"083","mega53SortOrder":0,"itDashboard":null,"CFO_Act":"","CIO_Council":"","firstActiveBY":null,"lastActiveBY":"2017","agencyType":"4-Other Small"},{"agencyCode":"352","agencyName":"Farm Credit Administration","mega53AgencyName":null,"agencyAbbreviation":null,"cgacAgencyCode":"352","mega53SortOrder":0,"itDashboard":null,"CFO_Act":"","CIO_Council":"","firstActiveBY":null,"lastActiveBY":"2017","agencyType":"4-Other Small"},{"agencyCode":"354","agencyName":"Farm Credit System Financial Assistance Corporation","mega53AgencyName":null,"agencyAbbreviation":null,"cgacAgencyCode":null,"mega53SortOrder":0,"itDashboard":null,"CFO_Act":"","CIO_Council":"","firstActiveBY":null,"lastActiveBY":"2013","agencyType":"6-No longer active"},{"agencyCode":"355","agencyName":"Farm Credit System Insurance Corporation","mega53AgencyName":null,"agencyAbbreviation":null,"cgacAgencyCode":"n\/a","mega53SortOrder":0,"itDashboard":null,"CFO_Act":"","CIO_Council":"","firstActiveBY":null,"lastActiveBY":"2017","agencyType":"4-Other Small"},{"agencyCode":"356","agencyName":"Federal Communications Commission","mega53AgencyName":"Federal Communications Commission","agencyAbbreviation":"FCC","cgacAgencyCode":"027","mega53SortOrder":0,"itDashboard":null,"CFO_Act":"","CIO_Council":"","firstActiveBY":null,"lastActiveBY":"2017","agencyType":"4-Other Small"},{"agencyCode":"357","agencyName":"Federal Deposit Insurance Corporation","mega53AgencyName":"Federal Deposit Insurance Corporation","agencyAbbreviation":"FDIC","cgacAgencyCode":"051","mega53SortOrder":0,"itDashboard":null,"CFO_Act":"","CIO_Council":"","firstActiveBY":null,"lastActiveBY":"2017","agencyType":"3-Key Econ\/Infra"},{"agencyCode":"360","agencyName":"Federal Election Commission","mega53AgencyName":"Federal Election Commission","agencyAbbreviation":"FEC","cgacAgencyCode":"360","mega53SortOrder":0,"itDashboard":null,"CFO_Act":"","CIO_Council":"","firstActiveBY":null,"lastActiveBY":"2017","agencyType":"4-Other Small"},{"agencyCode":"362","agencyName":"Federal Financial Institutions Examination Council","mega53AgencyName":null,"agencyAbbreviation":null,"cgacAgencyCode":"362","mega53SortOrder":0,"itDashboard":null,"CFO_Act":"","CIO_Council":"","firstActiveBY":null,"lastActiveBY":"2017","agencyType":"4-Other Small"},{"agencyCode":"364","agencyName":"Federal Housing Finance Board","mega53AgencyName":null,"agencyAbbreviation":null,"cgacAgencyCode":"","mega53SortOrder":0,"itDashboard":null,"CFO_Act":"","CIO_Council":"","firstActiveBY":null,"lastActiveBY":"2014","agencyType":"6-No longer active"},{"agencyCode":"365","agencyName":"Federal Labor Relations Authority","mega53AgencyName":null,"agencyAbbreviation":null,"cgacAgencyCode":"054","mega53SortOrder":0,"itDashboard":null,"CFO_Act":"","CIO_Council":"","firstActiveBY":null,"lastActiveBY":"2017","agencyType":"4-Other Small"},{"agencyCode":"366","agencyName":"Federal Maritime Commission","mega53AgencyName":null,"agencyAbbreviation":null,"cgacAgencyCode":"065","mega53SortOrder":0,"itDashboard":null,"CFO_Act":"","CIO_Council":"","firstActiveBY":null,"lastActiveBY":"2017","agencyType":"4-Other Small"},{"agencyCode":"367","agencyName":"Federal Mediation and Conciliation Service","mega53AgencyName":null,"agencyAbbreviation":null,"cgacAgencyCode":"093","mega53SortOrder":0,"itDashboard":null,"CFO_Act":"","CIO_Council":"","firstActiveBY":null,"lastActiveBY":"2017","agencyType":"4-Other Small"},{"agencyCode":"368","agencyName":"Federal Mine Safety and Health Review Commission","mega53AgencyName":null,"agencyAbbreviation":"FMSHRC","cgacAgencyCode":"368","mega53SortOrder":0,"itDashboard":null,"CFO_Act":"","CIO_Council":"","firstActiveBY":null,"lastActiveBY":"2017","agencyType":"4-Other Small"},{"agencyCode":"369","agencyName":"Federal Retirement Thrift Investment Board","mega53AgencyName":null,"agencyAbbreviation":null,"cgacAgencyCode":"026","mega53SortOrder":0,"itDashboard":null,"CFO_Act":"","CIO_Council":"","firstActiveBY":null,"lastActiveBY":"2017","agencyType":"4-Other Small"},{"agencyCode":"370","agencyName":"Federal Trade Commission","mega53AgencyName":"Federal Trade Commission","agencyAbbreviation":"FTC","cgacAgencyCode":"029","mega53SortOrder":0,"itDashboard":null,"CFO_Act":"","CIO_Council":"","firstActiveBY":null,"lastActiveBY":"2017","agencyType":"3-Key Econ\/Infra"},{"agencyCode":"372","agencyName":"Harry S Truman Scholarship Foundation","mega53AgencyName":null,"agencyAbbreviation":null,"cgacAgencyCode":"372","mega53SortOrder":0,"itDashboard":null,"CFO_Act":"","CIO_Council":"","firstActiveBY":null,"lastActiveBY":"2017","agencyType":"4-Other Small"},{"agencyCode":"373","agencyName":"Institute of American Indian and Alaska Native Culture and Arts Development","mega53AgencyName":null,"agencyAbbreviation":null,"cgacAgencyCode":"373","mega53SortOrder":0,"itDashboard":null,"CFO_Act":"","CIO_Council":"","firstActiveBY":null,"lastActiveBY":"2017","agencyType":"4-Other Small"},{"agencyCode":"376","agencyName":"United States Interagency Council on Homelessness","mega53AgencyName":null,"agencyAbbreviation":null,"cgacAgencyCode":"376","mega53SortOrder":0,"itDashboard":null,"CFO_Act":"","CIO_Council":"","firstActiveBY":null,"lastActiveBY":"2017","agencyType":"4-Other Small"},{"agencyCode":"378","agencyName":"International Trade Commission","mega53AgencyName":null,"agencyAbbreviation":null,"cgacAgencyCode":"034","mega53SortOrder":0,"itDashboard":null,"CFO_Act":"","CIO_Council":"","firstActiveBY":null,"lastActiveBY":"2017","agencyType":"4-Other Small"},{"agencyCode":"381","agencyName":"James Madison Memorial Fellowship Foundation","mega53AgencyName":null,"agencyAbbreviation":null,"cgacAgencyCode":"381","mega53SortOrder":0,"itDashboard":null,"CFO_Act":"","CIO_Council":"","firstActiveBY":null,"lastActiveBY":"2017","agencyType":"4-Other Small"},{"agencyCode":"382","agencyName":"Japan-United States Friendship Commission","mega53AgencyName":null,"agencyAbbreviation":null,"cgacAgencyCode":"382","mega53SortOrder":0,"itDashboard":null,"CFO_Act":"","CIO_Council":"","firstActiveBY":null,"lastActiveBY":"2017","agencyType":"4-Other Small"},{"agencyCode":"385","agencyName":"Legal Services Corporation","mega53AgencyName":null,"agencyAbbreviation":null,"cgacAgencyCode":"n\/a","mega53SortOrder":0,"itDashboard":null,"CFO_Act":"","CIO_Council":"","firstActiveBY":null,"lastActiveBY":"2017","agencyType":"4-Other Small"},{"agencyCode":"387","agencyName":"Marine Mammal Commission","mega53AgencyName":null,"agencyAbbreviation":null,"cgacAgencyCode":"387","mega53SortOrder":0,"itDashboard":null,"CFO_Act":"","CIO_Council":"","firstActiveBY":null,"lastActiveBY":"2017","agencyType":"4-Other Small"},{"agencyCode":"389","agencyName":"Merit Systems Protection Board","mega53AgencyName":null,"agencyAbbreviation":null,"cgacAgencyCode":"389","mega53SortOrder":0,"itDashboard":null,"CFO_Act":"","CIO_Council":"","firstActiveBY":null,"lastActiveBY":"2017","agencyType":"4-Other Small"},{"agencyCode":"393","agencyName":"National Archives and Records Administration","mega53AgencyName":"National Archives and Records Administration","agencyAbbreviation":"NARA","cgacAgencyCode":"088","mega53SortOrder":241,"itDashboard":1,"CFO_Act":"","CIO_Council":"1","firstActiveBY":null,"lastActiveBY":"2017","agencyType":"2-E-Gov Act Adds"},{"agencyCode":"394","agencyName":"National Capital Planning Commission","mega53AgencyName":null,"agencyAbbreviation":null,"cgacAgencyCode":"394","mega53SortOrder":0,"itDashboard":null,"CFO_Act":"","CIO_Council":"","firstActiveBY":null,"lastActiveBY":"2017","agencyType":"4-Other Small"},{"agencyCode":"400","agencyName":"National Commission on Libraries and Information Science","mega53AgencyName":null,"agencyAbbreviation":null,"cgacAgencyCode":null,"mega53SortOrder":0,"itDashboard":null,"CFO_Act":"","CIO_Council":"","firstActiveBY":null,"lastActiveBY":"2013","agencyType":"6-No longer active"},{"agencyCode":"413","agencyName":"National Council on Disability","mega53AgencyName":null,"agencyAbbreviation":null,"cgacAgencyCode":"413","mega53SortOrder":0,"itDashboard":null,"CFO_Act":"","CIO_Council":"","firstActiveBY":null,"lastActiveBY":"2017","agencyType":"4-Other Small"},{"agencyCode":"415","agencyName":"National Credit Union Administration","mega53AgencyName":null,"agencyAbbreviation":null,"cgacAgencyCode":"025","mega53SortOrder":0,"itDashboard":null,"CFO_Act":"","CIO_Council":"","firstActiveBY":null,"lastActiveBY":"2017","agencyType":"3-Key Econ\/Infra"},{"agencyCode":"417","agencyName":"National Endowment for the Arts","mega53AgencyName":"National Endowment for the Arts","agencyAbbreviation":"NEA","cgacAgencyCode":"417","mega53SortOrder":0,"itDashboard":null,"CFO_Act":"","CIO_Council":"","firstActiveBY":null,"lastActiveBY":"2017","agencyType":"4-Other Small"},{"agencyCode":"418","agencyName":"National Endowment for the Humanities","mega53AgencyName":"National Endowment for the Humanities","agencyAbbreviation":"NEH","cgacAgencyCode":"417","mega53SortOrder":0,"itDashboard":null,"CFO_Act":"","CIO_Council":"","firstActiveBY":null,"lastActiveBY":"2017","agencyType":"4-Other Small"},{"agencyCode":"420","agencyName":"National Labor Relations Board","mega53AgencyName":"National Labor Relations Board","agencyAbbreviation":"NLRB","cgacAgencyCode":"420","mega53SortOrder":0,"itDashboard":null,"CFO_Act":"","CIO_Council":"","firstActiveBY":null,"lastActiveBY":"2017","agencyType":"4-Other Small"},{"agencyCode":"421","agencyName":"National Mediation Board","mega53AgencyName":null,"agencyAbbreviation":null,"cgacAgencyCode":"421","mega53SortOrder":0,"itDashboard":null,"CFO_Act":"","CIO_Council":"","firstActiveBY":null,"lastActiveBY":"2017","agencyType":"4-Other Small"},{"agencyCode":"422","agencyName":"National Science Foundation","mega53AgencyName":"National Science Foundation","agencyAbbreviation":"NSF","cgacAgencyCode":"049","mega53SortOrder":250,"itDashboard":1,"CFO_Act":"1","CIO_Council":"1","firstActiveBY":null,"lastActiveBY":"2017","agencyType":"1-CFO Act"},{"agencyCode":"424","agencyName":"National Transportation Safety Board","mega53AgencyName":null,"agencyAbbreviation":null,"cgacAgencyCode":"424","mega53SortOrder":0,"itDashboard":null,"CFO_Act":"","CIO_Council":"","firstActiveBY":null,"lastActiveBY":"2017","agencyType":"4-Other Small"},{"agencyCode":"428","agencyName":"Neighborhood Reinvestment Corporation","mega53AgencyName":null,"agencyAbbreviation":null,"cgacAgencyCode":"428","mega53SortOrder":0,"itDashboard":null,"CFO_Act":"","CIO_Council":"","firstActiveBY":null,"lastActiveBY":"2017","agencyType":"4-Other Small"},{"agencyCode":"429","agencyName":"Nuclear Regulatory Commission","mega53AgencyName":"Nuclear Regulatory Commission","agencyAbbreviation":"NRC","cgacAgencyCode":"031","mega53SortOrder":260,"itDashboard":1,"CFO_Act":"1","CIO_Council":"1","firstActiveBY":null,"lastActiveBY":"2017","agencyType":"1-CFO Act"},{"agencyCode":"431","agencyName":"Nuclear Waste Technical Review Board","mega53AgencyName":"Nuclear Waste Technical Review Board","agencyAbbreviation":"NWTRB","cgacAgencyCode":"431","mega53SortOrder":0,"itDashboard":null,"CFO_Act":"","CIO_Council":"","firstActiveBY":null,"lastActiveBY":"2017","agencyType":"3-Key Econ\/Infra"},{"agencyCode":"432","agencyName":"Occupational Safety and Health Review Commission","mega53AgencyName":null,"agencyAbbreviation":null,"cgacAgencyCode":"432","mega53SortOrder":0,"itDashboard":null,"CFO_Act":"","CIO_Council":"","firstActiveBY":null,"lastActiveBY":"2017","agencyType":"4-Other Small"},{"agencyCode":"434","agencyName":"Office of Government Ethics","mega53AgencyName":"Office of Government Ethics","agencyAbbreviation":"OGE","cgacAgencyCode":"434","mega53SortOrder":0,"itDashboard":null,"CFO_Act":"","CIO_Council":"","firstActiveBY":null,"lastActiveBY":"2017","agencyType":"4-Other Small"},{"agencyCode":"435","agencyName":"Office of Navajo and Hopi Indian Relocation","mega53AgencyName":null,"agencyAbbreviation":null,"cgacAgencyCode":"435","mega53SortOrder":0,"itDashboard":null,"CFO_Act":"","CIO_Council":"","firstActiveBY":null,"lastActiveBY":"2017","agencyType":"4-Other Small"},{"agencyCode":"436","agencyName":"Office of Special Counsel","mega53AgencyName":null,"agencyAbbreviation":null,"cgacAgencyCode":"062","mega53SortOrder":0,"itDashboard":null,"CFO_Act":"","CIO_Council":"","firstActiveBY":null,"lastActiveBY":"2017","agencyType":"4-Other Small"},{"agencyCode":"438","agencyName":"Panama Canal Commission","mega53AgencyName":null,"agencyAbbreviation":null,"cgacAgencyCode":null,"mega53SortOrder":0,"itDashboard":null,"CFO_Act":"","CIO_Council":"","firstActiveBY":null,"lastActiveBY":"2013","agencyType":"6-No longer active"},{"agencyCode":"440","agencyName":"Postal Service","mega53AgencyName":"Postal Service","agencyAbbreviation":"Postal","cgacAgencyCode":"018","mega53SortOrder":0,"itDashboard":null,"CFO_Act":"","CIO_Council":"","firstActiveBY":null,"lastActiveBY":"2017","agencyType":"4-Other Small"},{"agencyCode":"446","agencyName":"Railroad Retirement Board","mega53AgencyName":"Railroad Retirement Board","agencyAbbreviation":"RRB","cgacAgencyCode":"060","mega53SortOrder":0,"itDashboard":null,"CFO_Act":"","CIO_Council":"","firstActiveBY":null,"lastActiveBY":"2017","agencyType":"4-Other Small"},{"agencyCode":"448","agencyName":"Resolution Trust Corporation","mega53AgencyName":null,"agencyAbbreviation":null,"cgacAgencyCode":null,"mega53SortOrder":0,"itDashboard":null,"CFO_Act":"","CIO_Council":"","firstActiveBY":null,"lastActiveBY":"2013","agencyType":"6-No longer active"},{"agencyCode":"449","agencyName":"Securities and Exchange Commission","mega53AgencyName":"Securities and Exchange Commission","agencyAbbreviation":"SEC","cgacAgencyCode":"050","mega53SortOrder":0,"itDashboard":null,"CFO_Act":"","CIO_Council":"","firstActiveBY":null,"lastActiveBY":"2017","agencyType":"3-Key Econ\/Infra"},{"agencyCode":"452","agencyName":"Smithsonian Institution","mega53AgencyName":"Smithsonian Institution","agencyAbbreviation":"Smithsonian","cgacAgencyCode":"033","mega53SortOrder":300,"itDashboard":null,"CFO_Act":"","CIO_Council":"","firstActiveBY":null,"lastActiveBY":"2017","agencyType":"4-Other Small"},{"agencyCode":"453","agencyName":"State Justice Institute","mega53AgencyName":null,"agencyAbbreviation":null,"cgacAgencyCode":"453","mega53SortOrder":0,"itDashboard":null,"CFO_Act":"","CIO_Council":"","firstActiveBY":null,"lastActiveBY":"2017","agencyType":"4-Other Small"},{"agencyCode":"455","agencyName":"Tennessee Valley Authority","mega53AgencyName":"Tennessee Valley Authority","agencyAbbreviation":"TVA","cgacAgencyCode":"455","mega53SortOrder":0,"itDashboard":null,"CFO_Act":"","CIO_Council":"","firstActiveBY":null,"lastActiveBY":"2017","agencyType":"3-Key Econ\/Infra"},{"agencyCode":"456","agencyName":"United States Holocaust Memorial Museum","mega53AgencyName":"U.S. Holocaust Memorial Museum","agencyAbbreviation":"USHMM","cgacAgencyCode":"456","mega53SortOrder":0,"itDashboard":null,"CFO_Act":"","CIO_Council":"","firstActiveBY":null,"lastActiveBY":"2017","agencyType":"4-Other Small"},{"agencyCode":"458","agencyName":"United States Institute of Peace","mega53AgencyName":null,"agencyAbbreviation":null,"cgacAgencyCode":"458","mega53SortOrder":0,"itDashboard":null,"CFO_Act":"","CIO_Council":"","firstActiveBY":null,"lastActiveBY":"2017","agencyType":"4-Other Small"},{"agencyCode":"464","agencyName":"Institute of Museum and Library Services","mega53AgencyName":null,"agencyAbbreviation":"IMLS","cgacAgencyCode":null,"mega53SortOrder":0,"itDashboard":null,"CFO_Act":"","CIO_Council":"","firstActiveBY":null,"lastActiveBY":"2013","agencyType":null},{"agencyCode":"465","agencyName":"Christopher Columbus Fellowship Foundation","mega53AgencyName":null,"agencyAbbreviation":null,"cgacAgencyCode":"465","mega53SortOrder":0,"itDashboard":null,"CFO_Act":"","CIO_Council":"","firstActiveBY":null,"lastActiveBY":"2017","agencyType":"4-Other Small"},{"agencyCode":"467","agencyName":"Intelligence Community Management Account","mega53AgencyName":"Office of the Director of National Intelligence","agencyAbbreviation":"ODNI","cgacAgencyCode":"467","mega53SortOrder":320,"itDashboard":null,"CFO_Act":"","CIO_Council":"","firstActiveBY":null,"lastActiveBY":"2017","agencyType":"2-E-Gov Act Adds"},{"agencyCode":"472","agencyName":"Surface Transportation Board","mega53AgencyName":"","agencyAbbreviation":"STB","cgacAgencyCode":"","mega53SortOrder":0,"itDashboard":null,"CFO_Act":"","CIO_Council":"","firstActiveBY":"2017","lastActiveBY":"2017","agencyType":"4-Other Small"},{"agencyCode":"474","agencyName":"Institute of Museum and Library Services","mega53AgencyName":"Institute of Museum and Library Services","agencyAbbreviation":"IMLS","cgacAgencyCode":"n\/a","mega53SortOrder":0,"itDashboard":null,"CFO_Act":"","CIO_Council":"","firstActiveBY":null,"lastActiveBY":"2017","agencyType":"4-Other Small"},{"agencyCode":"476","agencyName":"United Mine Workers of America Benefit Funds","mega53AgencyName":null,"agencyAbbreviation":null,"cgacAgencyCode":"n\/a","mega53SortOrder":0,"itDashboard":null,"CFO_Act":"","CIO_Council":"","firstActiveBY":null,"lastActiveBY":"2017","agencyType":"4-Other Small"},{"agencyCode":"479","agencyName":"Military Compensation and Retirement Modernization Commission","mega53AgencyName":null,"agencyAbbreviation":null,"cgacAgencyCode":"479","mega53SortOrder":0,"itDashboard":null,"CFO_Act":null,"CIO_Council":null,"firstActiveBY":"2016","lastActiveBY":"2017","agencyType":"4-Other Small"},{"agencyCode":"485","agencyName":"Corporation for National and Community Service","mega53AgencyName":"Corporation for National and Community Service","agencyAbbreviation":"CNCS","cgacAgencyCode":"485","mega53SortOrder":0,"itDashboard":null,"CFO_Act":"","CIO_Council":"","firstActiveBY":null,"lastActiveBY":"2017","agencyType":"3-Key Econ\/Infra"},{"agencyCode":"486","agencyName":"United States Enrichment Corporation Fund","mega53AgencyName":null,"agencyAbbreviation":null,"cgacAgencyCode":"486","mega53SortOrder":0,"itDashboard":null,"CFO_Act":"","CIO_Council":"","firstActiveBY":null,"lastActiveBY":"2017","agencyType":"4-Other Small"},{"agencyCode":"487","agencyName":"Morris K. Udall and Stewart L. Udall Foundation","mega53AgencyName":null,"agencyAbbreviation":null,"cgacAgencyCode":"487","mega53SortOrder":0,"itDashboard":null,"CFO_Act":"","CIO_Council":"","firstActiveBY":null,"lastActiveBY":"2017","agencyType":"4-Other Small"},{"agencyCode":"492","agencyName":"National Education Goals Panel","mega53AgencyName":null,"agencyAbbreviation":null,"cgacAgencyCode":null,"mega53SortOrder":0,"itDashboard":null,"CFO_Act":"","CIO_Council":"","firstActiveBY":null,"lastActiveBY":"2013","agencyType":"6-No longer active"},{"agencyCode":"505","agencyName":"Other Commissions and Boards","mega53AgencyName":"Other Commissions and Boards","agencyAbbreviation":"Other","cgacAgencyCode":"n\/a","mega53SortOrder":0,"itDashboard":null,"CFO_Act":"","CIO_Council":"","firstActiveBY":null,"lastActiveBY":"2017","agencyType":"4-Other Small"},{"agencyCode":"507","agencyName":"Community Empowerment Board","mega53AgencyName":null,"agencyAbbreviation":null,"cgacAgencyCode":null,"mega53SortOrder":0,"itDashboard":null,"CFO_Act":"","CIO_Council":"","firstActiveBY":null,"lastActiveBY":"2013","agencyType":"6-No longer active"},{"agencyCode":"510","agencyName":"Chemical Safety and Hazard Investigation Board","mega53AgencyName":null,"agencyAbbreviation":null,"cgacAgencyCode":"510","mega53SortOrder":0,"itDashboard":null,"CFO_Act":"","CIO_Council":"","firstActiveBY":null,"lastActiveBY":"2017","agencyType":"3-Key Econ\/Infra"},{"agencyCode":"511","agencyName":"Court Services and Offender Supervision Agency for the District of Columbia","mega53AgencyName":"Court Services and Offender Supervision Agency for the District of Columbia","agencyAbbreviation":"CSOSA","cgacAgencyCode":"n\/a","mega53SortOrder":0,"itDashboard":null,"CFO_Act":"","CIO_Council":"","firstActiveBY":null,"lastActiveBY":"2017","agencyType":"4-Other Small"},{"agencyCode":"512","agencyName":"Presidio Trust","mega53AgencyName":null,"agencyAbbreviation":null,"cgacAgencyCode":"512","mega53SortOrder":0,"itDashboard":null,"CFO_Act":"","CIO_Council":"","firstActiveBY":null,"lastActiveBY":"2017","agencyType":"4-Other Small"},{"agencyCode":"513","agencyName":"Denali Commission","mega53AgencyName":"Denali Commission","agencyAbbreviation":"Denali","cgacAgencyCode":"513","mega53SortOrder":0,"itDashboard":null,"CFO_Act":"","CIO_Council":"","firstActiveBY":null,"lastActiveBY":"2017","agencyType":"4-Other Small"},{"agencyCode":"514","agencyName":"Broadcasting Board of Governors","mega53AgencyName":"Broadcasting Board of Governors","agencyAbbreviation":"BBG","cgacAgencyCode":"514","mega53SortOrder":0,"itDashboard":null,"CFO_Act":"","CIO_Council":"","firstActiveBY":null,"lastActiveBY":"2017","agencyType":"4-Other Small"},{"agencyCode":"515","agencyName":"Commission on Ocean Policy","mega53AgencyName":null,"agencyAbbreviation":null,"cgacAgencyCode":"","mega53SortOrder":0,"itDashboard":null,"CFO_Act":"","CIO_Council":"","firstActiveBY":null,"lastActiveBY":"2014","agencyType":"6-No longer active"},{"agencyCode":"516","agencyName":"Oklahoma City National Memorial Trust","mega53AgencyName":null,"agencyAbbreviation":null,"cgacAgencyCode":null,"mega53SortOrder":0,"itDashboard":null,"CFO_Act":"","CIO_Council":"","firstActiveBY":null,"lastActiveBY":"2013","agencyType":"6-No longer active"},{"agencyCode":"517","agencyName":"Delta Regional Authority","mega53AgencyName":null,"agencyAbbreviation":null,"cgacAgencyCode":"517","mega53SortOrder":0,"itDashboard":null,"CFO_Act":"","CIO_Council":"","firstActiveBY":null,"lastActiveBY":"2017","agencyType":"4-Other Small"},{"agencyCode":"518","agencyName":"National Veterans Business Development Corporation","mega53AgencyName":null,"agencyAbbreviation":null,"cgacAgencyCode":null,"mega53SortOrder":0,"itDashboard":null,"CFO_Act":"","CIO_Council":"","firstActiveBY":null,"lastActiveBY":"2013","agencyType":"6-No longer active"},{"agencyCode":"519","agencyName":"Vietnam Education Foundation","mega53AgencyName":null,"agencyAbbreviation":null,"cgacAgencyCode":"519","mega53SortOrder":0,"itDashboard":null,"CFO_Act":"","CIO_Council":"","firstActiveBY":null,"lastActiveBY":"2017","agencyType":"4-Other Small"},{"agencyCode":"520","agencyName":"White House Commission on the National Moment of Remembrance","mega53AgencyName":null,"agencyAbbreviation":null,"cgacAgencyCode":null,"mega53SortOrder":0,"itDashboard":null,"CFO_Act":"","CIO_Council":"","firstActiveBY":null,"lastActiveBY":"2013","agencyType":"6-No longer active"},{"agencyCode":"521","agencyName":"U.S. Canada Alaska Rail Commission","mega53AgencyName":null,"agencyAbbreviation":null,"cgacAgencyCode":null,"mega53SortOrder":0,"itDashboard":null,"CFO_Act":"","CIO_Council":"","firstActiveBY":null,"lastActiveBY":"2013","agencyType":"6-No longer active"},{"agencyCode":"522","agencyName":"Pacific Chapter Commission","mega53AgencyName":null,"agencyAbbreviation":null,"cgacAgencyCode":null,"mega53SortOrder":0,"itDashboard":null,"CFO_Act":"","CIO_Council":"","firstActiveBY":null,"lastActiveBY":"2013","agencyType":"6-No longer active"},{"agencyCode":"525","agencyName":"Election Assistance Commission","mega53AgencyName":null,"agencyAbbreviation":null,"cgacAgencyCode":"525","mega53SortOrder":0,"itDashboard":null,"CFO_Act":"","CIO_Council":"","firstActiveBY":null,"lastActiveBY":"2017","agencyType":"4-Other Small"},{"agencyCode":"526","agencyName":"Public Company Accounting Oversight Board","mega53AgencyName":null,"agencyAbbreviation":null,"cgacAgencyCode":"n\/a","mega53SortOrder":null,"itDashboard":null,"CFO_Act":"","CIO_Council":"","firstActiveBY":null,"lastActiveBY":"2017","agencyType":"4-Other Small"},{"agencyCode":"527","agencyName":"Standard Setting Body","mega53AgencyName":null,"agencyAbbreviation":null,"cgacAgencyCode":"n\/a","mega53SortOrder":null,"itDashboard":null,"CFO_Act":"","CIO_Council":"","firstActiveBY":null,"lastActiveBY":"2017","agencyType":"4-Other Small"},{"agencyCode":"528","agencyName":"Telecommunications Development Fund","mega53AgencyName":null,"agencyAbbreviation":null,"cgacAgencyCode":"n\/a","mega53SortOrder":0,"itDashboard":null,"CFO_Act":"","CIO_Council":"","firstActiveBY":null,"lastActiveBY":"2015","agencyType":"6-No longer active"},{"agencyCode":"530","agencyName":"Affordable Housing Program","mega53AgencyName":null,"agencyAbbreviation":null,"cgacAgencyCode":"n\/a","mega53SortOrder":null,"itDashboard":null,"CFO_Act":"","CIO_Council":"","firstActiveBY":null,"lastActiveBY":"2017","agencyType":"4-Other Small"},{"agencyCode":"531","agencyName":"Electric Reliability Organization","mega53AgencyName":null,"agencyAbbreviation":null,"cgacAgencyCode":"n\/a","mega53SortOrder":null,"itDashboard":null,"CFO_Act":"","CIO_Council":"","firstActiveBY":null,"lastActiveBY":"2017","agencyType":"4-Other Small"},{"agencyCode":"532","agencyName":"Federal Housing Enterprise Regulator","mega53AgencyName":null,"agencyAbbreviation":null,"cgacAgencyCode":"","mega53SortOrder":null,"itDashboard":null,"CFO_Act":"","CIO_Council":"","firstActiveBY":null,"lastActiveBY":"2014","agencyType":"6-No longer active"},{"agencyCode":"534","agencyName":"Office of the Federal Coordinator for Alaska Natural Gas Transportation Projects","mega53AgencyName":null,"agencyAbbreviation":null,"cgacAgencyCode":"534","mega53SortOrder":null,"itDashboard":null,"CFO_Act":null,"CIO_Council":null,"firstActiveBY":null,"lastActiveBY":"2017","agencyType":"4-Other Small"},{"agencyCode":"535","agencyName":"Privacy and Civil Liberties Oversight Board","mega53AgencyName":null,"agencyAbbreviation":null,"cgacAgencyCode":"535","mega53SortOrder":null,"itDashboard":null,"CFO_Act":null,"CIO_Council":null,"firstActiveBY":null,"lastActiveBY":"2017","agencyType":"4-Other Small"},{"agencyCode":"537","agencyName":"Federal Housing Finance Agency","mega53AgencyName":null,"agencyAbbreviation":null,"cgacAgencyCode":"537","mega53SortOrder":null,"itDashboard":null,"CFO_Act":"","CIO_Council":"","firstActiveBY":null,"lastActiveBY":"2017","agencyType":"4-Other Small"},{"agencyCode":"538","agencyName":"National Infrastructure Bank","mega53AgencyName":null,"agencyAbbreviation":null,"cgacAgencyCode":null,"mega53SortOrder":null,"itDashboard":null,"CFO_Act":null,"CIO_Council":null,"firstActiveBY":"2015","lastActiveBY":"2017","agencyType":"4-Other Small"},{"agencyCode":"539","agencyName":"Recovery Act Accountability and Transparency Board","mega53AgencyName":null,"agencyAbbreviation":null,"cgacAgencyCode":"539","mega53SortOrder":null,"itDashboard":null,"CFO_Act":null,"CIO_Council":null,"firstActiveBY":null,"lastActiveBY":"2017","agencyType":"4-Other Small"},{"agencyCode":"542","agencyName":"Council of the Inspectors General on Integrity and Efficiency","mega53AgencyName":null,"agencyAbbreviation":null,"cgacAgencyCode":"542","mega53SortOrder":null,"itDashboard":null,"CFO_Act":null,"CIO_Council":null,"firstActiveBY":null,"lastActiveBY":"2017","agencyType":"4-Other Small"},{"agencyCode":"573","agencyName":"Northern Border Regional Commission","mega53AgencyName":null,"agencyAbbreviation":null,"cgacAgencyCode":"573","mega53SortOrder":null,"itDashboard":null,"CFO_Act":null,"CIO_Council":null,"firstActiveBY":null,"lastActiveBY":"2017","agencyType":"4-Other Small"},{"agencyCode":"575","agencyName":"National Railroad Passenger Corporation Office of Inspector General","mega53AgencyName":null,"agencyAbbreviation":null,"cgacAgencyCode":"575","mega53SortOrder":null,"itDashboard":null,"CFO_Act":null,"CIO_Council":null,"firstActiveBY":null,"lastActiveBY":"2017","agencyType":"4-Other Small"},{"agencyCode":"576","agencyName":"Securities Investor Protection Corporation","mega53AgencyName":null,"agencyAbbreviation":null,"cgacAgencyCode":"n\/a","mega53SortOrder":null,"itDashboard":null,"CFO_Act":null,"CIO_Council":null,"firstActiveBY":null,"lastActiveBY":"2017","agencyType":"4-Other Small"},{"agencyCode":"578","agencyName":"Independent Payment Advisory Board","mega53AgencyName":null,"agencyAbbreviation":null,"cgacAgencyCode":"n\/a","mega53SortOrder":null,"itDashboard":null,"CFO_Act":null,"CIO_Council":null,"firstActiveBY":"2014","lastActiveBY":"2017","agencyType":"4-Other Small"},{"agencyCode":"579","agencyName":"Patient-Centered Outcomes Research Trust Fund","mega53AgencyName":null,"agencyAbbreviation":null,"cgacAgencyCode":"579","mega53SortOrder":null,"itDashboard":null,"CFO_Act":null,"CIO_Council":null,"firstActiveBY":null,"lastActiveBY":"2017","agencyType":"4-Other Small"},{"agencyCode":"580","agencyName":"Corporation for Travel Promotion","mega53AgencyName":null,"agencyAbbreviation":null,"cgacAgencyCode":"580","mega53SortOrder":null,"itDashboard":null,"CFO_Act":null,"CIO_Council":null,"firstActiveBY":null,"lastActiveBY":"2017","agencyType":"4-Other Small"},{"agencyCode":"581","agencyName":"Bureau of Consumer Financial Protection","mega53AgencyName":null,"agencyAbbreviation":null,"cgacAgencyCode":"581","mega53SortOrder":null,"itDashboard":null,"CFO_Act":null,"CIO_Council":null,"firstActiveBY":null,"lastActiveBY":"2017","agencyType":"4-Other Small"},{"agencyCode":"582","agencyName":"Civilian Property Realignment Board","mega53AgencyName":null,"agencyAbbreviation":null,"cgacAgencyCode":"n\/a","mega53SortOrder":null,"itDashboard":null,"CFO_Act":null,"CIO_Council":null,"firstActiveBY":null,"lastActiveBY":"2017","agencyType":"4-Other Small"},{"agencyCode":"584","agencyName":"Indian Law and Order Commission","mega53AgencyName":null,"agencyAbbreviation":null,"cgacAgencyCode":"n\/a","mega53SortOrder":null,"itDashboard":null,"CFO_Act":null,"CIO_Council":null,"firstActiveBY":"2014","lastActiveBY":"2017","agencyType":"4-Other Small"},{"agencyCode":"585","agencyName":"Public Safety Broadband Corporation","mega53AgencyName":null,"agencyAbbreviation":null,"cgacAgencyCode":"n\/a","mega53SortOrder":null,"itDashboard":null,"CFO_Act":null,"CIO_Council":null,"firstActiveBY":"2014","lastActiveBY":"2014","agencyType":"6-No longer active"},{"agencyCode":"586","agencyName":"Gulf Coast Ecosystem Restoration Council","mega53AgencyName":null,"agencyAbbreviation":null,"cgacAgencyCode":"471","mega53SortOrder":0,"itDashboard":null,"CFO_Act":null,"CIO_Council":null,"firstActiveBY":"2016","lastActiveBY":"2017","agencyType":"4-Other Small"},{"agencyCode":"587","agencyName":"Public Defender Service for the District of Columbia","mega53AgencyName":null,"agencyAbbreviation":null,"cgacAgencyCode":"511","mega53SortOrder":0,"itDashboard":null,"CFO_Act":null,"CIO_Council":null,"firstActiveBY":"2016","lastActiveBY":"2017","agencyType":"4-Other Small"},{"agencyCode":"801","agencyName":"Affordable Housing and Bank Enterprise","mega53AgencyName":null,"agencyAbbreviation":null,"cgacAgencyCode":null,"mega53SortOrder":154,"itDashboard":null,"CFO_Act":"","CIO_Council":"","firstActiveBY":null,"lastActiveBY":"2013","agencyType":"6-No longer active"},{"agencyCode":"803","agencyName":"Federal Law Enforcement Training Center","mega53AgencyName":null,"agencyAbbreviation":null,"cgacAgencyCode":null,"mega53SortOrder":366,"itDashboard":null,"CFO_Act":"","CIO_Council":"","firstActiveBY":null,"lastActiveBY":"2013","agencyType":"6-No longer active"},{"agencyCode":"804","agencyName":"JFK Assassination Records Review Board","mega53AgencyName":null,"agencyAbbreviation":null,"cgacAgencyCode":null,"mega53SortOrder":385,"itDashboard":null,"CFO_Act":"","CIO_Council":"","firstActiveBY":null,"lastActiveBY":"2013","agencyType":"6-No longer active"},{"agencyCode":"912","agencyName":"Farm Credit System","mega53AgencyName":null,"agencyAbbreviation":null,"cgacAgencyCode":"n\/a","mega53SortOrder":0,"itDashboard":null,"CFO_Act":"","CIO_Council":"","firstActiveBY":null,"lastActiveBY":"2017","agencyType":"4-Other Small"},{"agencyCode":"913","agencyName":"Federal Home Loan Bank System","mega53AgencyName":null,"agencyAbbreviation":null,"cgacAgencyCode":"n\/a","mega53SortOrder":0,"itDashboard":null,"CFO_Act":"","CIO_Council":"","firstActiveBY":null,"lastActiveBY":"2017","agencyType":"4-Other Small"},{"agencyCode":"914","agencyName":"Federal Home Loan Mortgage Corporation","mega53AgencyName":null,"agencyAbbreviation":null,"cgacAgencyCode":"n\/a","mega53SortOrder":0,"itDashboard":null,"CFO_Act":"","CIO_Council":"","firstActiveBY":null,"lastActiveBY":"2017","agencyType":"4-Other Small"},{"agencyCode":"915","agencyName":"Federal National Mortgage Association","mega53AgencyName":null,"agencyAbbreviation":null,"cgacAgencyCode":"n\/a","mega53SortOrder":0,"itDashboard":null,"CFO_Act":"","CIO_Council":"","firstActiveBY":null,"lastActiveBY":"2017","agencyType":"4-Other Small"},{"agencyCode":"918","agencyName":"Student Loan Marketing Assocation","mega53AgencyName":null,"agencyAbbreviation":null,"cgacAgencyCode":null,"mega53SortOrder":0,"itDashboard":null,"CFO_Act":"","CIO_Council":"","firstActiveBY":null,"lastActiveBY":"2013","agencyType":"6-No longer active"},{"agencyCode":"920","agencyName":"Financing Vehicles and the Board of Governors of the Federal Reserve","mega53AgencyName":null,"agencyAbbreviation":null,"cgacAgencyCode":"n\/a","mega53SortOrder":0,"itDashboard":null,"CFO_Act":"","CIO_Council":"","firstActiveBY":null,"lastActiveBY":"2017","agencyType":"3-Key Econ\/Infra"},{"agencyCode":"991","agencyName":"Selective Service System","mega53AgencyName":"Selective Service System","agencyAbbreviation":"SSS","cgacAgencyCode":null,"mega53SortOrder":0,"itDashboard":null,"CFO_Act":"","CIO_Council":"","firstActiveBY":null,"lastActiveBY":"2017","agencyType":"4-Other Small"},{"agencyCode":"992","agencyName":"Arlington National Cemetery","mega53AgencyName":"Arlington National Cemetery","agencyAbbreviation":"ANC","cgacAgencyCode":null,"mega53SortOrder":0,"itDashboard":null,"CFO_Act":"","CIO_Council":"","firstActiveBY":null,"lastActiveBY":"2017","agencyType":"4-Other Small"},{"agencyCode":"993","agencyName":"Millennium Challenge Corporation","mega53AgencyName":null,"agencyAbbreviation":null,"cgacAgencyCode":null,"mega53SortOrder":0,"itDashboard":null,"CFO_Act":"","CIO_Council":"","firstActiveBY":null,"lastActiveBY":"2017","agencyType":"4-Other Small"},{"agencyCode":"994","agencyName":"Inter-American Foundation","mega53AgencyName":"Inter-American Foundation","agencyAbbreviation":"IAF","cgacAgencyCode":null,"mega53SortOrder":0,"itDashboard":null,"CFO_Act":"","CIO_Council":"","firstActiveBY":null,"lastActiveBY":"2017","agencyType":"4-Other Small"},{"agencyCode":"995","agencyName":"Peace Corps","mega53AgencyName":"Peace Corps","agencyAbbreviation":"Peace","cgacAgencyCode":null,"mega53SortOrder":0,"itDashboard":null,"CFO_Act":"","CIO_Council":"","firstActiveBY":null,"lastActiveBY":"2017","agencyType":"4-Other Small"},{"agencyCode":"996","agencyName":"U.S. Trade and Development Agency","mega53AgencyName":null,"agencyAbbreviation":"USTDA","cgacAgencyCode":null,"mega53SortOrder":0,"itDashboard":null,"CFO_Act":"","CIO_Council":"","firstActiveBY":null,"lastActiveBY":"2017","agencyType":"4-Other Small"},{"agencyCode":"997","agencyName":"Overseas Private Investment Corporation","mega53AgencyName":"Overseas Private Investment Corporation","agencyAbbreviation":"OPIC","cgacAgencyCode":null,"mega53SortOrder":0,"itDashboard":null,"CFO_Act":"","CIO_Council":"","firstActiveBY":null,"lastActiveBY":"2017","agencyType":"4-Other Small"},{"agencyCode":"998","agencyName":"National Gallery of Art","mega53AgencyName":"National Gallery of Art","agencyAbbreviation":"NGA","cgacAgencyCode":null,"mega53SortOrder":0,"itDashboard":null,"CFO_Act":"","CIO_Council":"","firstActiveBY":null,"lastActiveBY":"2017","agencyType":"4-Other Small"}]}